Date,Day_of_Week,Day_Name,Is_Weekend,Month,Season,Temperature_C,Is_Raining,Rainfall_mm,Is_Holiday,Promotion_Active,Nearby_Events,Staff_Count,Machine_Issues,Num_Customers,Coffee_Sales,Pastry_Sales,Sandwich_Sales,Daily_Revenue,Staff_Cost,Ingredient_Cost,Utilities_Cost,Rent_Cost,Total_Costs,Daily_Profit,Customer_Satisfaction
2023-01-01,7,Sunday,1,1,Winter,9,1,2.7,1,0,0,2,0,66,53,45,17,411.11,160,135.3,42.1,200,537.4,-126.28,6.3
2023-01-02,1,Monday,0,1,Winter,0.4,0,0,0,0,0,4,0,27,26,16,7,205.12,320,58.7,57.8,200,636.5,-431.38,7.3
2023-01-03,2,Tuesday,0,1,Winter,6,0,0,0,0,1,5,0,53,56,25,12,459.23,400,112.4,42.33,200,754.73,-295.51,7.6
2023-01-04,3,Wednesday,0,1,Winter,3.2,1,1.1,0,0,0,3,1,37,43,12,9,198.49,240,80.1,44.42,200,564.52,-366.03,4.8
2023-01-05,4,Thursday,0,1,Winter,-6.8,1,1.3,0,0,0,3,0,28,22,17,11,201.65,240,63.1,49.47,200,552.57,-350.92,6.8
2023-01-06,5,Friday,0,1,Winter,3.3,0,0,0,1,0,3,0,40,43,22,18,315.9,240,107,39.81,200,586.81,-270.91,6.9
2023-01-07,6,Saturday,1,1,Winter,12.8,0,0,0,0,0,4,0,47,54,18,8,379.81,320,96,41.05,200,657.05,-277.24,8.1
2023-01-08,7,Sunday,1,1,Winter,3.3,0,0,0,1,0,4,0,66,76,34,17,518.05,320,154.1,43.45,200,717.55,-199.5,7.3
2023-01-09,1,Monday,0,1,Winter,2.9,0,0,0,0,0,2,0,30,25,13,14,203.8,160,69.8,46.07,200,475.87,-272.07,5.6
2023-01-10,2,Tuesday,0,1,Winter,-2.5,1,9.8,0,0,0,3,0,6,5,2,2,68.22,240,11.8,48.84,200,500.64,-432.42,5.3
2023-01-11,3,Wednesday,0,1,Winter,-1.2,1,1.4,0,0,0,4,0,32,27,10,12,263.06,320,65.6,37.25,200,622.85,-359.78,7.1
2023-01-12,4,Thursday,0,1,Winter,-3.5,1,1.5,0,1,0,3,0,48,43,27,21,369.96,240,117.3,51.82,200,609.12,-239.16,7.9
2023-01-13,5,Friday,0,1,Winter,2.4,1,6.9,0,0,0,3,0,21,17,7,9,148.39,240,44.9,46.47,200,531.37,-382.98,6.1
2023-01-14,6,Saturday,1,1,Winter,19.9,1,0.8,0,0,0,3,0,57,60,30,6,382.35,240,108.6,38.15,200,586.75,-204.4,7.3
2023-01-15,7,Sunday,1,1,Winter,12,1,4.8,0,0,0,3,0,46,37,25,6,260.3,240,77,43.88,200,560.88,-300.58,7.5
2023-01-16,1,Monday,0,1,Winter,8.8,1,5.8,0,0,0,4,0,17,19,9,6,160.09,320,42.6,46.15,200,608.75,-448.66,6.8
2023-01-17,2,Tuesday,0,1,Winter,13.5,1,3.6,0,0,0,3,0,38,38,23,15,327.5,240,95.5,49.77,200,585.27,-257.77,7.6
2023-01-18,3,Wednesday,0,1,Winter,2.5,0,0,0,0,0,2,0,32,33,9,6,194.82,160,59.4,42.64,200,462.04,-267.22,7.2
2023-01-19,4,Thursday,0,1,Winter,5.5,1,0.7,0,0,0,2,0,32,34,22,11,226.69,160,81.5,50.24,200,491.74,-265.05,6.5
2023-01-20,5,Friday,0,1,Winter,1.4,0,0,0,0,1,4,0,54,46,21,19,390.07,320,111.9,49.73,200,681.63,-291.56,7.7
2023-01-21,6,Saturday,1,1,Winter,8,1,1.6,0,0,0,4,0,36,29,23,8,300.68,320,70,40.37,200,630.37,-329.69,7.5
2023-01-22,7,Sunday,1,1,Winter,-10,0,0,0,0,0,4,0,25,26,12,6,182.31,320,53.4,40.09,200,613.49,-431.18,6.8
2023-01-23,1,Monday,0,1,Winter,6.6,0,0,0,0,1,4,0,61,62,41,19,548.45,320,147.1,46.4,200,713.5,-165.06,6.9
2023-01-24,2,Tuesday,0,1,Winter,3.3,1,0.1,0,0,0,3,0,34,37,21,9,264.59,240,80.1,47.76,200,567.86,-303.26,6.6
2023-01-25,3,Wednesday,0,1,Winter,-9.3,1,1.3,0,1,0,3,0,40,46,20,17,303.31,240,106.9,48.41,200,595.31,-292,6.2
2023-01-26,4,Thursday,0,1,Winter,7.6,1,2.6,0,0,0,3,0,31,34,19,7,239.81,240,70.7,41.5,200,552.2,-312.39,7.1
2023-01-27,5,Friday,0,1,Winter,-10,1,1.3,0,0,0,4,0,15,16,4,6,167.21,320,35,42.64,200,597.64,-430.44,6.7
2023-01-28,6,Saturday,1,1,Winter,-6.6,1,8.8,0,1,0,3,0,41,39,27,5,216.67,240,78.9,43.49,200,562.39,-345.72,5.8
2023-01-29,7,Sunday,1,1,Winter,-0.5,0,0,0,0,0,4,0,62,56,40,8,443.44,320,116,45.35,200,681.35,-237.91,7.3
2023-01-30,1,Monday,0,1,Winter,8.8,0,0,0,0,0,3,0,36,29,14,17,278.83,240,81.7,44.45,200,566.15,-287.32,7.7
2023-01-31,2,Tuesday,0,1,Winter,-6.6,0,0,0,0,0,4,0,30,27,18,12,289.28,320,72,48.71,200,640.71,-351.43,7.5
2023-02-01,3,Wednesday,0,2,Winter,10.6,1,0.1,0,0,0,4,1,28,26,19,12,188,320,71.6,44.43,200,636.03,-448.03,6.2
2023-02-02,4,Thursday,0,2,Winter,-7.8,0,0,0,1,0,5,1,39,45,24,10,236.45,400,94.2,39.66,200,733.86,-497.41,4.9
2023-02-03,5,Friday,0,2,Winter,6,0,0,0,0,0,3,0,36,39,18,16,333.21,240,94.8,55.3,200,590.1,-256.89,8
2023-02-04,6,Saturday,1,2,Winter,3,0,0,0,0,0,4,0,40,32,17,8,281.08,320,68.8,39.08,200,627.88,-346.8,6.2
2023-02-05,7,Sunday,1,2,Winter,2.8,0,0,0,0,0,4,0,62,72,30,9,506.05,320,129.3,46.92,200,696.22,-190.17,7
2023-02-06,1,Monday,0,2,Winter,-10,1,0.8,0,0,0,3,0,17,14,7,7,124.53,240,37.1,55.28,200,532.38,-407.84,6.1
2023-02-07,2,Tuesday,0,2,Winter,1.4,0,0,0,0,0,3,0,23,20,10,8,156.9,240,48.8,44.49,200,533.29,-376.39,6.9
2023-02-08,3,Wednesday,0,2,Winter,9.1,0,0,0,1,1,2,0,80,69,30,24,452.64,160,157.2,56.87,200,574.07,-121.43,6.2
2023-02-09,4,Thursday,0,2,Winter,0,1,0.1,0,0,0,4,0,30,29,15,8,197.81,320,63.6,41.22,200,624.82,-427.01,6.4
2023-02-10,5,Friday,0,2,Winter,-0.2,0,0,0,1,0,4,0,42,42,22,17,332.16,320,103.7,39.81,200,663.51,-331.35,7
2023-02-11,6,Saturday,1,2,Winter,-2,1,2.5,0,0,1,4,0,52,46,18,7,292.44,320,84.3,40.86,200,645.16,-352.71,6.6
2023-02-12,7,Sunday,1,2,Winter,-10,1,0.4,0,0,1,4,0,58,61,38,12,505.29,320,128.8,36.65,200,685.45,-180.16,6.7
2023-02-13,1,Monday,0,2,Winter,-0.3,0,0,0,0,0,3,0,32,33,11,11,254.46,240,71.5,41.74,200,553.24,-298.78,6.8
2023-02-14,2,Tuesday,0,2,Winter,-1.9,0,0,1,1,0,4,0,65,67,31,21,501.75,320,149.3,47.89,200,717.19,-215.43,6.6
2023-02-15,3,Wednesday,0,2,Winter,8,1,0.6,0,0,0,4,0,27,23,16,10,221.42,320,61.4,33.96,200,615.36,-393.94,7.7
2023-02-16,4,Thursday,0,2,Winter,2.8,1,1.7,0,0,0,3,0,28,32,12,10,253.85,240,69,46.18,200,555.18,-301.33,7.3
2023-02-17,5,Friday,0,2,Winter,-6.8,0,0,0,0,0,4,0,31,28,12,13,289.28,320,70.5,45.36,200,635.86,-346.58,6.5
2023-02-18,6,Saturday,1,2,Winter,8.8,0,0,0,0,0,4,0,47,40,18,11,330.97,320,85.5,49.35,200,654.85,-323.87,8.2
2023-02-19,7,Sunday,1,2,Winter,8.3,0,0,0,0,0,5,0,47,55,16,10,452.79,400,99.8,57.23,200,757.03,-304.24,7.9
2023-02-20,1,Monday,0,2,Winter,5.9,1,7.7,0,0,0,4,0,17,19,11,5,174.77,320,42.1,57.69,200,619.79,-445.03,7.1
2023-02-21,2,Tuesday,0,2,Winter,0.3,0,0,0,0,0,3,0,31,29,13,13,244.07,240,72.5,37.49,200,549.99,-305.92,6.7
2023-02-22,3,Wednesday,0,2,Winter,-4,0,0,0,0,0,5,0,29,23,16,7,228.13,400,55.1,41,200,696.1,-467.98,7.1
2023-02-23,4,Thursday,0,2,Winter,5,0,0,0,0,0,3,0,27,21,13,9,189.42,240,54.5,51.94,200,546.44,-357.02,5.7
2023-02-24,5,Friday,0,2,Winter,-10,0,0,0,0,0,4,0,23,24,10,4,146.89,320,45.2,47.43,200,612.63,-465.74,6.2
2023-02-25,6,Saturday,1,2,Winter,4.3,0,0,0,0,0,2,0,54,57,21,6,297.84,160,97.8,49.07,200,506.87,-209.03,6.2
2023-02-26,7,Sunday,1,2,Winter,6.9,0,0,0,0,0,3,0,42,36,22,7,264.35,240,75.5,38.79,200,554.29,-289.95,6.7
2023-02-27,1,Monday,0,2,Winter,15.5,0,0,0,0,0,4,0,34,37,12,15,287.44,320,85.5,49.86,200,655.36,-367.92,7.9
2023-02-28,2,Tuesday,0,2,Winter,2.3,0,0,0,0,0,4,0,24,28,12,6,238.72,320,55.8,36.85,200,612.65,-373.93,7.5
2023-03-01,3,Wednesday,0,3,Spring,27,1,0.7,0,0,0,5,0,40,42,14,18,426.74,400,99.4,35.8,200,735.2,-308.45,7.4
2023-03-02,4,Thursday,0,3,Spring,11.3,0,0,0,0,0,4,0,34,32,19,9,276.47,320,72.5,40.25,200,632.75,-356.28,9
2023-03-03,5,Friday,0,3,Spring,18,1,0.7,0,0,0,4,0,37,34,22,8,290.6,320,75.2,45.9,200,641.1,-350.5,7.8
2023-03-04,6,Saturday,1,3,Spring,26.9,0,0,0,0,0,4,0,50,47,16,14,371.75,320,98.6,38.4,200,657,-285.25,7.6
2023-03-05,7,Sunday,1,3,Spring,21.4,1,4.9,0,0,0,4,0,45,53,30,4,369.59,320,96,47.15,200,663.15,-293.56,7.8
2023-03-06,1,Monday,0,3,Spring,16.6,1,0.1,0,0,0,5,1,51,58,32,15,345.61,400,126.7,37.97,200,764.67,-419.07,6.5
2023-03-07,2,Tuesday,0,3,Spring,8.7,1,0.2,0,0,0,4,0,36,37,14,7,292.16,320,70.3,45.41,200,635.71,-343.55,8.1
2023-03-08,3,Wednesday,0,3,Spring,11.9,0,0,0,0,0,5,0,34,37,13,7,317.87,400,69.5,38.28,200,707.78,-389.91,7.5
2023-03-09,4,Thursday,0,3,Spring,9,0,0,0,0,1,3,0,64,75,39,14,500.75,240,150.6,49.92,200,640.52,-139.77,6.9
2023-03-10,5,Friday,0,3,Spring,14.7,0,0,0,0,1,3,0,66,66,25,16,466.24,240,132.8,41.88,200,614.68,-148.44,6.9
2023-03-11,6,Saturday,1,3,Spring,11.2,0,0,0,1,0,5,1,54,59,31,7,315.43,400,110.3,42.24,200,752.54,-437.11,6.2
2023-03-12,7,Sunday,1,3,Spring,16.2,0,0,0,0,0,4,0,60,61,20,10,387.19,320,110.2,38.1,200,668.3,-281.12,7.3
2023-03-13,1,Monday,0,3,Spring,14.8,0,0,0,0,0,2,0,37,38,23,11,301.13,160,87.1,48.41,200,495.51,-194.38,8.2
2023-03-14,2,Tuesday,0,3,Spring,18.5,1,3.2,0,1,0,4,0,49,51,29,12,368.43,320,109.6,43.15,200,672.75,-304.32,7.5
2023-03-15,3,Wednesday,0,3,Spring,10.9,1,5.4,0,0,0,3,0,21,21,12,4,158.13,240,43.2,46.25,200,529.45,-371.32,7.8
2023-03-16,4,Thursday,0,3,Spring,14.4,0,0,0,1,0,5,0,36,38,11,13,310.65,400,81.7,50.98,200,732.68,-422.03,7.4
2023-03-17,5,Friday,0,3,Spring,11.6,1,0.1,1,0,0,3,0,60,54,41,19,479.55,240,137.5,38.85,200,616.35,-136.8,7.1
2023-03-18,6,Saturday,1,3,Spring,18.9,0,0,0,0,0,4,0,71,69,48,13,587.65,320,148.5,38.86,200,707.36,-119.72,8.5
2023-03-19,7,Sunday,1,3,Spring,20.4,0,0,0,0,0,4,0,64,75,23,17,540.72,320,144.1,48.54,200,712.64,-171.92,8.2
2023-03-20,1,Monday,0,3,Spring,17.8,0,0,0,0,0,5,0,45,38,15,18,408.32,400,95.4,38.21,200,733.61,-325.29,8.1
2023-03-21,2,Tuesday,0,3,Spring,10.6,0,0,0,0,0,3,0,33,34,13,13,266.7,240,78.5,46.86,200,565.36,-298.66,7.6
2023-03-22,3,Wednesday,0,3,Spring,14.9,0,0,0,0,1,3,0,65,66,19,19,444.83,240,134.3,40.62,200,614.92,-170.08,7.3
2023-03-23,4,Thursday,0,3,Spring,13.4,0,0,0,0,0,4,0,43,37,14,16,335.08,320,89.2,54.06,200,663.26,-328.18,7.9
2023-03-24,5,Friday,0,3,Spring,17.4,1,1.2,0,0,0,4,0,42,44,21,17,412.48,320,105.3,41.74,200,667.04,-254.56,7.7
2023-03-25,6,Saturday,1,3,Spring,13.1,1,1.2,0,0,0,4,0,50,44,34,14,426.18,320,109.4,39.36,200,668.76,-242.58,8
2023-03-26,7,Sunday,1,3,Spring,12,0,0,0,0,0,4,0,56,52,25,16,444.28,320,116,37.19,200,673.19,-228.91,8.6
2023-03-27,1,Monday,0,3,Spring,14.4,1,6.9,0,0,0,4,0,19,19,11,4,188.07,320,40,47.47,200,607.47,-419.4,7.5
2023-03-28,2,Tuesday,0,3,Spring,11.7,1,0.6,0,1,0,3,0,45,42,24,11,272.34,240,92.7,46.87,200,579.57,-307.24,7.3
2023-03-29,3,Wednesday,0,3,Spring,19.8,0,0,0,0,0,5,0,35,30,17,10,270.16,400,70.6,43.7,200,714.3,-444.14,9
2023-03-30,4,Thursday,0,3,Spring,18.9,1,0.5,0,0,0,4,0,38,42,20,17,358.76,320,102.1,43.7,200,665.8,-307.04,7.9
2023-03-31,5,Friday,0,3,Spring,14.6,0,0,0,1,0,3,0,63,63,19,15,373.68,240,122.3,49.58,200,611.88,-238.2,7.4
2023-04-01,6,Saturday,1,4,Spring,21,0,0,0,0,0,2,0,60,64,41,7,322.75,160,124.3,41.88,200,526.18,-203.43,8.2
2023-04-02,7,Sunday,1,4,Spring,13.9,0,0,0,0,1,4,0,80,82,24,22,622.95,320,163.8,50.53,200,734.33,-111.38,7.8
2023-04-03,1,Monday,0,4,Spring,18.8,0,0,0,0,0,4,1,38,42,20,16,242.3,320,100,43.78,200,663.78,-421.48,6.5
2023-04-04,2,Tuesday,0,4,Spring,22.1,1,4.3,0,0,0,4,0,32,29,14,10,229.45,320,67,40.57,200,627.57,-398.13,8.5
2023-04-05,3,Wednesday,0,4,Spring,5.7,0,0,0,0,0,4,0,35,33,22,12,307.53,320,82.4,42.73,200,645.13,-337.6,7.4
2023-04-06,4,Thursday,0,4,Spring,8.1,0,0,0,0,0,4,0,40,47,12,10,297.84,320,87,43.74,200,650.74,-352.89,7.7
2023-04-07,5,Friday,0,4,Spring,13.9,0,0,0,0,0,3,0,43,39,23,17,355.63,240,100.9,41.98,200,582.88,-227.26,6.7
2023-04-08,6,Saturday,1,4,Spring,14.2,0,0,0,0,0,4,0,53,62,26,13,461.72,320,122.5,42.11,200,684.61,-222.89,7.8
2023-04-09,7,Sunday,1,4,Spring,17.8,0,0,0,0,0,3,0,56,63,36,9,426.41,240,123.3,48.74,200,612.04,-185.62,7.2
2023-04-10,1,Monday,0,4,Spring,19.8,0,0,0,0,0,4,0,41,44,26,10,349.29,320,94.6,51.12,200,665.72,-316.43,8.9
2023-04-11,2,Tuesday,0,4,Spring,5.8,0,0,0,0,0,5,0,36,34,21,14,368.85,400,87,46.51,200,733.51,-364.66,7.4
2023-04-12,3,Wednesday,0,4,Spring,5.3,0,0,0,0,0,3,0,28,23,14,6,187.49,240,51.4,41.89,200,533.29,-345.8,7.4
2023-04-13,4,Thursday,0,4,Spring,21.2,0,0,0,0,0,3,0,41,40,13,15,307.5,240,89.9,40.05,200,569.95,-262.45,8.1
2023-04-14,5,Friday,0,4,Spring,9.5,0,0,0,0,0,4,0,45,43,16,22,418.73,320,110.6,45.36,200,675.96,-257.24,8
2023-04-15,6,Saturday,1,4,Spring,15.5,0,0,0,0,0,3,0,59,48,24,9,352.32,240,95.7,41.48,200,577.18,-224.86,7.3
2023-04-16,7,Sunday,1,4,Spring,15.5,0,0,0,0,0,4,0,65,77,41,9,564.11,320,144.1,42.81,200,706.91,-142.8,8.2
2023-04-17,1,Monday,0,4,Spring,18.4,0,0,0,0,0,3,0,42,35,27,20,373.12,240,105.6,57.32,200,602.92,-229.81,7.6
2023-04-18,2,Tuesday,0,4,Spring,11.1,0,0,0,0,0,3,0,51,60,24,14,422.07,240,120.6,30.56,200,591.16,-169.08,7.5
2023-04-19,3,Wednesday,0,4,Spring,16.7,0,0,0,0,0,3,0,44,36,30,9,280.86,240,86.1,42.18,200,568.28,-287.42,7.4
2023-04-20,4,Thursday,0,4,Spring,12.8,0,0,0,0,0,4,1,43,39,23,15,242.94,320,96.7,39.78,200,656.48,-413.54,5.6
2023-04-21,5,Friday,0,4,Spring,14.2,0,0,0,0,0,4,0,42,40,20,8,327.19,320,80.8,49.32,200,650.12,-322.93,7.4
2023-04-22,6,Saturday,1,4,Spring,15.7,0,0,0,0,0,5,0,71,59,36,13,509.92,400,126.9,39.03,200,765.93,-256.02,7.7
2023-04-23,7,Sunday,1,4,Spring,22,0,0,0,0,0,3,0,62,66,29,9,398.05,240,121.3,44.56,200,605.86,-207.81,7.9
2023-04-24,1,Monday,0,4,Spring,23.5,1,3,0,0,0,4,0,38,40,12,8,305.69,320,74.4,43.17,200,637.57,-331.88,7.9
2023-04-25,2,Tuesday,0,4,Spring,6.9,0,0,0,0,0,3,0,24,26,9,4,140.27,240,46.8,49.98,200,536.78,-396.51,6.8
2023-04-26,3,Wednesday,0,4,Spring,6.5,0,0,0,0,0,4,0,34,40,21,9,348.48,320,83.7,45.29,200,648.99,-300.51,7.6
2023-04-27,4,Thursday,0,4,Spring,24.2,1,3.2,0,0,0,5,0,31,30,16,14,335.98,400,78.2,42.58,200,720.78,-384.8,7.9
2023-04-28,5,Friday,0,4,Spring,16.3,0,0,0,0,0,4,0,49,53,23,22,481.56,320,128.2,49.44,200,697.64,-216.08,8.3
2023-04-29,6,Saturday,1,4,Spring,8.8,0,0,0,1,1,2,0,74,83,28,14,423.12,160,151.4,47.47,200,558.87,-135.75,6.8
2023-04-30,7,Sunday,1,4,Spring,28.8,0,0,0,0,0,4,0,58,50,28,5,376.51,320,92.9,49.14,200,662.04,-285.53,7
2023-05-01,1,Monday,0,5,Spring,22.7,0,0,0,0,0,4,0,37,37,11,15,310.79,320,84.7,37.75,200,642.45,-331.66,7.4
2023-05-02,2,Tuesday,0,5,Spring,12.3,1,16.8,0,0,0,4,0,5,4,2,1,50,320,8.5,42.24,200,570.74,-520.74,7.5
2023-05-03,3,Wednesday,0,5,Spring,11.6,0,0,0,0,0,4,0,42,47,20,9,350.39,320,91.3,44.15,200,655.45,-305.06,7.5
2023-05-04,4,Thursday,0,5,Spring,19.2,1,2.2,0,0,0,3,0,25,25,14,12,245.55,240,66.4,45.95,200,552.35,-306.8,8
2023-05-05,5,Friday,0,5,Spring,26.2,1,0.4,0,0,0,3,0,41,38,17,8,238.25,240,76,45.7,200,561.7,-323.45,6.6
2023-05-06,6,Saturday,1,5,Spring,16.9,0,0,0,0,0,4,0,61,60,21,7,389.9,320,103.5,44.86,200,668.36,-278.46,8.6
2023-05-07,7,Sunday,1,5,Spring,25,1,0.5,0,0,0,4,0,72,59,29,10,428.61,320,115,46.78,200,681.78,-253.17,7.3
2023-05-08,1,Monday,0,5,Spring,10,1,1.8,0,0,0,3,0,24,23,10,11,181.16,240,58.7,45.33,200,544.03,-362.87,7.6
2023-05-09,2,Tuesday,0,5,Spring,5.6,1,11.9,0,0,0,3,0,7,7,3,2,50,240,15,43.52,200,498.52,-448.52,6.2
2023-05-10,3,Wednesday,0,5,Spring,17.3,0,0,0,0,0,3,0,46,45,21,18,406.27,240,108.6,41.45,200,590.05,-183.78,7.7
2023-05-11,4,Thursday,0,5,Spring,23.4,0,0,0,0,0,3,0,33,36,16,8,249.9,240,72.8,43.2,200,556,-306.1,7.9
2023-05-12,5,Friday,0,5,Spring,16.9,1,0.1,0,0,0,5,0,38,40,23,11,373.97,400,89.5,45.57,200,735.07,-361.1,7.5
2023-05-13,6,Saturday,1,5,Spring,20.5,0,0,0,0,0,3,0,56,60,34,9,392.27,240,118.1,43.33,200,601.43,-209.16,7.5
2023-05-14,7,Sunday,1,5,Spring,9.3,0,0,0,0,0,4,0,48,51,26,6,369.27,320,94.6,44.06,200,658.66,-289.39,8.1
2023-05-15,1,Monday,0,5,Spring,22.1,1,6.6,0,0,0,3,0,32,34,13,10,297.72,240,72.2,44.17,200,556.37,-258.66,7.9
2023-05-16,2,Tuesday,0,5,Spring,14.5,1,1.2,0,0,0,4,0,30,28,14,12,220.3,320,70,51.09,200,641.09,-420.79,8.6
2023-05-17,3,Wednesday,0,5,Spring,21,0,0,0,1,0,3,0,48,39,17,21,310.95,240,104.5,47.93,200,592.43,-281.48,7.5
2023-05-18,4,Thursday,0,5,Spring,20.2,0,0,0,0,0,3,0,36,42,23,15,315.76,240,100.3,48.17,200,588.47,-272.72,8.3
2023-05-19,5,Friday,0,5,Spring,17.5,0,0,0,0,0,3,0,47,44,32,10,337.17,240,99.4,42.32,200,581.72,-244.55,7.6
2023-05-20,6,Saturday,1,5,Spring,17,0,0,0,1,0,5,0,73,86,43,11,610.23,400,160.7,42.32,200,803.02,-192.79,8.2
2023-05-21,7,Sunday,1,5,Spring,17.2,0,0,0,0,0,3,0,56,51,33,6,381.96,240,100.2,49.75,200,589.95,-207.99,8.4
2023-05-22,1,Monday,0,5,Spring,14.4,1,0.1,0,0,1,4,0,47,48,16,10,342.62,320,91.4,46.33,200,657.73,-315.1,8.1
2023-05-23,2,Tuesday,0,5,Spring,18.9,0,0,0,0,0,4,0,49,51,27,18,511.4,320,120.6,39.93,200,680.53,-169.13,8.4
2023-05-24,3,Wednesday,0,5,Spring,9.2,0,0,0,0,0,5,0,39,41,12,10,332.25,400,79.8,42.8,200,722.6,-390.35,6.8
2023-05-25,4,Thursday,0,5,Spring,13.7,0,0,0,0,0,3,0,31,26,13,13,193.23,240,68.9,47.4,200,556.3,-363.07,8.8
2023-05-26,5,Friday,0,5,Spring,17.3,0,0,0,0,0,3,0,39,38,22,19,348.02,240,103.1,43,200,586.1,-238.08,7.3
2023-05-27,6,Saturday,1,5,Spring,6.7,0,0,0,1,0,4,0,69,72,22,10,388.99,320,125,45.72,200,690.72,-301.73,6.7
2023-05-28,7,Sunday,1,5,Spring,10.8,0,0,0,0,0,3,0,56,46,24,16,375.68,240,108,51.13,200,599.13,-223.46,7.8
2023-05-29,1,Monday,0,5,Spring,22.1,0,0,0,0,0,4,0,44,51,14,15,357.32,320,103.9,36.51,200,660.41,-303.09,7.7
2023-05-30,2,Tuesday,0,5,Spring,31.1,0,0,0,0,0,3,0,43,46,20,17,354.43,240,106.9,40.28,200,587.18,-232.75,6.7
2023-05-31,3,Wednesday,0,5,Spring,13.4,1,5.2,0,1,0,3,0,40,41,23,16,339.75,240,101.2,39.55,200,580.75,-241,6.9
2023-06-01,4,Thursday,0,6,Summer,17.3,1,1.3,0,0,0,4,0,33,31,14,13,282.1,320,75.7,36.86,200,632.56,-350.45,8.6
2023-06-02,5,Friday,0,6,Summer,38.2,0,0,0,0,0,4,1,38,30,17,9,173.07,320,68.5,35.98,200,624.48,-451.41,5
2023-06-03,6,Saturday,1,6,Summer,24.3,1,2.8,0,0,1,3,1,72,67,37,9,314.51,240,128.9,53.66,200,622.56,-308.05,6.2
2023-06-04,7,Sunday,1,6,Summer,29.5,0,0,0,0,0,3,0,51,60,26,8,385.23,240,109.6,39.64,200,589.24,-204.01,7.4
2023-06-05,1,Monday,0,6,Summer,39.5,0,0,0,0,1,4,0,67,58,30,14,449.31,320,123,58.22,200,701.22,-251.91,6
2023-06-06,2,Tuesday,0,6,Summer,26.8,0,0,0,1,0,4,0,59,67,39,14,493.06,320,141,46.89,200,707.89,-214.83,7.6
2023-06-07,3,Wednesday,0,6,Summer,32.9,0,0,0,0,0,3,0,38,37,20,17,326.66,240,96.1,44.73,200,580.83,-254.16,7.3
2023-06-08,4,Thursday,0,6,Summer,28.6,0,0,0,1,0,3,0,51,59,16,23,415.39,240,131.9,47.97,200,619.87,-204.47,5.9
2023-06-09,5,Friday,0,6,Summer,29.6,0,0,0,0,0,4,0,32,30,19,9,270.84,320,70.1,49.77,200,639.87,-369.02,7.9
2023-06-10,6,Saturday,1,6,Summer,30.1,0,0,0,0,0,4,0,61,63,20,12,452.42,320,116.8,44.18,200,680.98,-228.56,7
2023-06-11,7,Sunday,1,6,Summer,20.3,0,0,0,0,0,5,0,73,67,24,14,534.68,400,129,48.3,200,777.3,-242.62,8.4
2023-06-12,1,Monday,0,6,Summer,13.7,0,0,0,0,0,5,0,46,45,17,18,422.71,400,105.4,45.3,200,750.7,-327.99,8.2
2023-06-13,2,Tuesday,0,6,Summer,34.5,0,0,0,1,0,3,0,55,59,21,22,383.16,240,133.8,47.38,200,621.18,-238.02,7.2
2023-06-14,3,Wednesday,0,6,Summer,32.4,0,0,0,0,0,3,0,32,26,19,9,279.25,240,65.3,45,200,550.3,-271.05,7.2
2023-06-15,4,Thursday,0,6,Summer,22.7,1,0,0,0,0,3,0,37,42,15,16,329.4,240,96,44.2,200,580.2,-250.8,8.1
2023-06-16,5,Friday,0,6,Summer,23.4,1,0.3,0,0,0,3,0,43,37,25,17,357.44,240,100.1,45.44,200,585.54,-228.11,7.7
2023-06-17,6,Saturday,1,6,Summer,20.7,0,0,0,0,0,3,1,55,54,21,9,233.99,240,100.5,42.46,200,582.96,-348.97,5.6
2023-06-18,7,Sunday,1,6,Summer,21.8,1,5.7,0,0,0,3,0,38,39,15,4,258.95,240,67.2,51.37,200,558.57,-299.62,7.7
2023-06-19,1,Monday,0,6,Summer,32.5,0,0,0,0,0,4,0,37,31,18,10,248.63,320,72.6,37.37,200,629.97,-381.35,6.9
2023-06-20,2,Tuesday,0,6,Summer,23.5,0,0,0,0,0,2,0,57,61,24,24,378.98,160,142.8,45.6,200,548.4,-169.42,8
2023-06-21,3,Wednesday,0,6,Summer,23.3,0,0,0,0,0,4,0,37,29,15,14,292.29,320,76.2,48.35,200,644.55,-352.26,8.3
2023-06-22,4,Thursday,0,6,Summer,9.1,0,0,0,0,0,3,0,39,32,26,18,313.28,240,97,47.69,200,584.69,-271.4,7.3
2023-06-23,5,Friday,0,6,Summer,23.6,0,0,0,0,0,4,0,41,46,22,12,359.1,320,98,39.15,200,657.15,-298.05,8.3
2023-06-24,6,Saturday,1,6,Summer,29.5,0,0,0,0,0,4,0,46,48,22,5,321.76,320,85.7,45.19,200,650.89,-329.12,7.9
2023-06-25,7,Sunday,1,6,Summer,25,0,0,0,0,0,4,0,56,45,20,10,312.97,320,91,47.24,200,658.24,-345.27,7.9
2023-06-26,1,Monday,0,6,Summer,25.3,0,0,0,0,0,2,0,45,44,26,12,307.52,160,98.8,51.96,200,510.76,-203.25,7.8
2023-06-27,2,Tuesday,0,6,Summer,26.6,0,0,0,0,0,2,0,51,53,19,15,309.74,160,110.3,47.35,200,517.65,-207.91,7.5
2023-06-28,3,Wednesday,0,6,Summer,23.9,0,0,0,0,0,3,0,38,45,12,16,312.21,240,97.2,38.28,200,575.48,-263.27,6.8
2023-06-29,4,Thursday,0,6,Summer,26.7,1,2.6,0,0,0,3,0,32,28,12,15,256.81,240,74.7,45.07,200,559.77,-302.96,6.9
2023-06-30,5,Friday,0,6,Summer,22.2,1,2.6,0,0,0,4,0,31,35,21,14,348.68,320,88.2,52.06,200,660.26,-311.58,7.7
2023-07-01,6,Saturday,1,7,Summer,22.5,0,0,0,0,0,3,0,48,39,32,9,245.3,240,91.3,51.33,200,582.63,-337.33,7.5
2023-07-02,7,Sunday,1,7,Summer,21.7,0,0,0,0,0,3,0,56,54,17,7,336.72,240,93.1,48.45,200,581.55,-244.83,6.3
2023-07-03,1,Monday,0,7,Summer,19.9,0,0,0,0,0,4,1,34,37,21,11,203.92,320,84.3,39.69,200,643.99,-440.07,5.5
2023-07-04,2,Tuesday,0,7,Summer,31,0,0,1,0,0,4,1,66,68,37,14,386.41,320,140.6,54.01,200,714.61,-328.2,5.4
2023-07-05,3,Wednesday,0,7,Summer,28.4,0,0,0,1,0,3,0,47,51,16,16,317.72,240,107.6,33.45,200,581.05,-263.34,7.5
2023-07-06,4,Thursday,0,7,Summer,32.6,0,0,0,1,0,4,0,47,41,20,14,342.74,320,94.6,50.29,200,664.89,-322.15,7.9
2023-07-07,5,Friday,0,7,Summer,29.4,0,0,0,0,0,4,0,38,43,11,15,348.01,320,91.9,44.7,200,656.6,-308.59,7.9
2023-07-08,6,Saturday,1,7,Summer,30.4,1,2.4,0,1,0,4,0,72,80,37,12,496.44,320,150.8,42.61,200,713.41,-216.97,6.7
2023-07-09,7,Sunday,1,7,Summer,29.9,0,0,0,0,0,4,0,39,35,16,6,248.46,320,67.4,37.39,200,624.79,-376.33,8.2
2023-07-10,1,Monday,0,7,Summer,20.6,0,0,0,0,0,3,0,37,35,25,14,343.83,240,91.4,50.59,200,581.99,-238.16,8.5
2023-07-11,2,Tuesday,0,7,Summer,22.5,0,0,0,0,0,3,0,40,47,13,12,286.09,240,92,49.45,200,581.45,-295.36,8.2
2023-07-12,3,Wednesday,0,7,Summer,12.1,0,0,0,0,0,3,0,32,37,17,7,230.12,240,72.7,42.27,200,554.97,-324.84,7.3
2023-07-13,4,Thursday,0,7,Summer,36.7,0,0,0,0,0,5,0,43,44,18,12,411.92,400,92.4,50.09,200,742.49,-330.57,7.7
2023-07-14,5,Friday,0,7,Summer,28.9,0,0,0,0,0,4,0,35,41,16,15,360.31,320,93.5,47.82,200,661.32,-301.01,7.1
2023-07-15,6,Saturday,1,7,Summer,24.8,0,0,0,0,0,3,0,54,43,28,12,336.8,240,99.2,38.54,200,577.74,-240.94,7.8
2023-07-16,7,Sunday,1,7,Summer,21.5,0,0,0,1,0,2,0,59,53,19,11,283.23,160,101.9,48.41,200,510.31,-227.08,8
2023-07-17,1,Monday,0,7,Summer,20.9,1,5.5,0,0,0,5,0,24,26,14,8,252.18,400,59.2,44.07,200,703.27,-451.1,7.7
2023-07-18,2,Tuesday,0,7,Summer,26.1,0,0,0,0,0,4,0,46,48,18,18,430.23,320,109.8,36.92,200,666.72,-236.49,6.8
2023-07-19,3,Wednesday,0,7,Summer,28.8,0,0,0,0,0,3,0,36,29,17,17,290.2,240,84.1,46.26,200,570.36,-280.16,7.2
2023-07-20,4,Thursday,0,7,Summer,37.2,0,0,0,0,0,2,0,43,48,24,10,277.24,160,97.8,39.96,200,497.76,-220.53,6.1
2023-07-21,5,Friday,0,7,Summer,25.7,0,0,0,0,0,4,0,36,42,15,11,290.35,320,85.5,48.54,200,654.04,-363.68,7.8
2023-07-22,6,Saturday,1,7,Summer,32.5,0,0,0,0,0,4,0,64,62,34,8,409.09,320,118.4,40.06,200,678.46,-269.37,7.5
2023-07-23,7,Sunday,1,7,Summer,17.7,0,0,0,0,0,4,0,54,45,16,7,323.98,320,81.5,43.59,200,645.09,-321.12,8.1
2023-07-24,1,Monday,0,7,Summer,19.5,0,0,0,0,0,3,0,38,33,25,14,299.3,240,89,34.54,200,563.54,-264.24,8.5
2023-07-25,2,Tuesday,0,7,Summer,34.4,0,0,0,0,0,4,0,48,48,16,18,361.79,320,108.2,43.32,200,671.52,-309.73,7
2023-07-26,3,Wednesday,0,7,Summer,28,0,0,0,0,0,3,0,38,42,12,13,280.34,240,87.3,55.14,200,582.44,-302.1,7.9
2023-07-27,4,Thursday,0,7,Summer,17.3,0,0,0,0,0,4,0,46,42,28,15,413.76,320,104.3,46.67,200,670.97,-257.2,7.8
2023-07-28,5,Friday,0,7,Summer,24.4,0,0,0,0,0,5,0,38,45,12,14,406.24,400,93,44.03,200,737.03,-330.79,7.8
2023-07-29,6,Saturday,1,7,Summer,22.9,1,2.5,0,0,0,3,0,37,36,21,8,290.31,240,76.8,48.26,200,565.06,-274.75,7
2023-07-30,7,Sunday,1,7,Summer,23.6,1,4.4,0,0,0,4,0,52,58,26,6,392.17,320,103,50.37,200,673.37,-281.2,8.4
2023-07-31,1,Monday,0,7,Summer,20,0,0,0,1,0,5,0,54,62,28,21,539.04,400,140.9,44.54,200,785.44,-246.4,7.7
2023-08-01,2,Tuesday,0,8,Summer,18.1,0,0,0,0,0,3,0,49,42,16,20,375.96,240,105.2,50.78,200,595.98,-220.01,7.5
2023-08-02,3,Wednesday,0,8,Summer,32.8,0,0,0,0,0,5,0,37,32,21,9,322.63,400,74.1,37.37,200,711.47,-388.84,8.1
2023-08-03,4,Thursday,0,8,Summer,32.3,0,0,0,0,0,2,0,37,30,14,7,198.82,160,61.9,43.34,200,465.24,-266.41,7.1
2023-08-04,5,Friday,0,8,Summer,21.2,0,0,0,0,0,4,0,35,28,11,17,295.69,320,78.1,50.81,200,648.91,-353.22,7.6
2023-08-05,6,Saturday,1,8,Summer,27.6,1,0.8,0,0,0,3,0,50,51,21,11,351.51,240,101.1,48.11,200,589.21,-237.7,8.1
2023-08-06,7,Sunday,1,8,Summer,27.7,0,0,0,0,0,4,0,54,51,21,11,405.37,320,101.1,46.84,200,667.94,-262.57,6.6
2023-08-07,1,Monday,0,8,Summer,29.4,0,0,0,0,0,4,0,38,32,19,15,340.45,320,85.1,50.06,200,655.16,-314.7,8.3
2023-08-08,2,Tuesday,0,8,Summer,19.8,0,0,0,0,0,4,0,43,37,13,18,339.44,320,92.6,52.77,200,665.37,-325.93,8.5
2023-08-09,3,Wednesday,0,8,Summer,27.9,1,2.3,0,0,0,3,0,37,34,11,7,228.28,240,64.3,40.96,200,545.26,-316.98,7.3
2023-08-10,4,Thursday,0,8,Summer,31.5,1,3.2,0,0,0,4,0,38,42,26,7,333.33,320,85.9,46.27,200,652.17,-318.84,7.8
2023-08-11,5,Friday,0,8,Summer,24.8,1,0.2,0,0,0,5,0,29,24,11,7,227.28,400,52.3,36.35,200,688.65,-461.37,8
2023-08-12,6,Saturday,1,8,Summer,13.1,0,0,0,0,0,3,0,46,49,14,6,272.26,240,82.6,43.1,200,565.7,-293.44,7.6
2023-08-13,7,Sunday,1,8,Summer,31.2,0,0,0,0,0,3,0,62,64,31,7,391.41,240,116.3,37.87,200,594.17,-202.76,7.4
2023-08-14,1,Monday,0,8,Summer,19.1,0,0,0,0,0,2,0,39,40,22,16,300.55,160,99.2,42.93,200,502.13,-201.58,7.9
2023-08-15,2,Tuesday,0,8,Summer,33.6,1,6.6,0,0,0,3,0,27,30,12,12,243.58,240,70.8,36.48,200,547.28,-303.7,6.2
2023-08-16,3,Wednesday,0,8,Summer,35.9,0,0,0,0,1,3,0,67,70,26,24,522.55,240,155.2,52.38,200,647.58,-125.03,6.1
2023-08-17,4,Thursday,0,8,Summer,26.5,0,0,0,0,0,3,0,36,42,19,8,259.89,240,82.4,51.09,200,573.49,-313.6,7.2
2023-08-18,5,Friday,0,8,Summer,20,0,0,0,0,0,3,0,34,39,13,9,254.54,240,76.1,47.67,200,563.77,-309.23,8.4
2023-08-19,6,Saturday,1,8,Summer,20.5,0,0,0,0,0,3,0,36,31,14,10,245.87,240,69.4,33.81,200,543.21,-297.34,6.7
2023-08-20,7,Sunday,1,8,Summer,20.8,0,0,0,0,0,5,0,53,46,16,7,354.11,400,82.7,45.71,200,728.41,-374.29,7.2
2023-08-21,1,Monday,0,8,Summer,30.4,0,0,0,0,0,2,0,39,33,12,13,235.43,160,76.5,42.15,200,478.65,-243.22,7.1
2023-08-22,2,Tuesday,0,8,Summer,14.4,0,0,0,0,0,3,0,29,25,16,10,233.26,240,63.8,44.12,200,547.92,-314.66,7.9
2023-08-23,3,Wednesday,0,8,Summer,25.7,0,0,0,0,0,2,1,35,37,14,15,210.16,160,87.1,40.55,200,487.65,-277.5,5.7
2023-08-24,4,Thursday,0,8,Summer,31.1,1,1.1,0,0,0,3,0,35,41,13,10,303.73,240,80.6,39.52,200,560.12,-256.39,7.4
2023-08-25,5,Friday,0,8,Summer,24.6,0,0,0,0,0,4,0,45,52,28,19,482.9,320,124.7,48.18,200,692.88,-209.98,7.3
2023-08-26,6,Saturday,1,8,Summer,13,1,6.8,0,1,0,4,0,43,40,20,11,266.65,320,87.1,46.76,200,653.86,-387.21,7
2023-08-27,7,Sunday,1,8,Summer,12.3,0,0,0,0,0,3,0,41,47,17,10,315.68,240,91,47.72,200,578.72,-263.04,7.5
2023-08-28,1,Monday,0,8,Summer,26.8,0,0,0,1,0,3,0,41,40,14,20,334.46,240,101.2,52.58,200,593.78,-259.32,7.8
2023-08-29,2,Tuesday,0,8,Summer,25.5,0,0,0,0,0,4,0,52,62,21,25,538.01,320,143.7,35.46,200,699.16,-161.16,7.4
2023-08-30,3,Wednesday,0,8,Summer,22.1,0,0,0,0,0,4,0,40,37,24,11,368.05,320,86.7,37.4,200,644.1,-276.05,6.6
2023-08-31,4,Thursday,0,8,Summer,21.8,0,0,0,0,0,3,0,43,34,21,13,301.42,240,84.9,47.27,200,572.17,-270.75,7.2
2023-09-01,5,Friday,0,9,Fall,12.5,1,0.2,0,0,0,4,0,39,36,20,12,329.54,320,84.4,47.02,200,651.42,-321.88,7.9
2023-09-02,6,Saturday,1,9,Fall,-0.5,0,0,0,0,0,3,0,48,45,17,6,301.69,240,80.2,39,200,559.2,-257.51,6.6
2023-09-03,7,Sunday,1,9,Fall,13.2,0,0,0,0,0,5,0,64,67,29,16,592.97,400,137.2,54.95,200,792.15,-199.18,8
2023-09-04,1,Monday,0,9,Fall,25,1,0.5,0,0,0,4,0,37,33,23,12,306.8,320,83.2,35.24,200,638.44,-331.65,7.9
2023-09-05,2,Tuesday,0,9,Fall,-2.5,0,0,0,0,0,5,1,27,25,15,11,205.42,400,65.1,44.35,200,709.45,-504.03,5.6
2023-09-06,3,Wednesday,0,9,Fall,6.3,1,0.1,0,0,0,4,0,44,46,17,12,372.96,320,94,33.76,200,647.76,-274.8,8
2023-09-07,4,Thursday,0,9,Fall,9.4,0,0,0,0,0,2,0,26,27,14,6,164.27,160,56.2,43.13,200,459.33,-295.06,6.7
2023-09-08,5,Friday,0,9,Fall,7.2,0,0,0,0,0,2,0,30,31,13,14,230.64,160,77,36.33,200,473.33,-242.7,7
2023-09-09,6,Saturday,1,9,Fall,3.8,1,1.4,0,0,0,3,0,51,45,31,14,389.89,240,108.2,44.45,200,592.65,-202.75,6.5
2023-09-10,7,Sunday,1,9,Fall,18.7,0,0,0,0,0,2,0,53,50,27,7,286.5,160,96.3,51.64,200,507.94,-221.45,7.5
2023-09-11,1,Monday,0,9,Fall,7.1,0,0,0,0,0,3,0,21,20,12,5,160.32,240,44.1,38.41,200,522.51,-362.2,7.5
2023-09-12,2,Tuesday,0,9,Fall,4,0,0,0,0,0,4,0,38,32,22,11,286.25,320,79.1,39.02,200,638.12,-351.86,7.7
2023-09-13,3,Wednesday,0,9,Fall,19.1,1,1,0,0,0,3,0,34,38,12,16,337.91,240,88.8,49.64,200,578.44,-240.53,8
2023-09-14,4,Thursday,0,9,Fall,23.8,0,0,0,0,0,4,1,36,39,14,16,247.97,320,91.6,42.73,200,654.33,-406.37,6.4
2023-09-15,5,Friday,0,9,Fall,19.2,0,0,0,0,0,3,0,45,48,17,17,397.23,240,106.9,40.96,200,587.86,-190.63,8.1
2023-09-16,6,Saturday,1,9,Fall,20.6,0,0,0,0,0,3,0,51,41,16,7,268.5,240,76.7,45.38,200,562.08,-293.58,7.6
2023-09-17,7,Sunday,1,9,Fall,23.5,0,0,0,0,0,5,0,66,67,33,7,465.56,400,121.5,45.98,200,767.48,-301.92,7.5
2023-09-18,1,Monday,0,9,Fall,17,0,0,0,0,0,3,0,44,47,29,12,354.62,240,104.8,48.26,200,593.06,-238.44,7.1
2023-09-19,2,Tuesday,0,9,Fall,21.7,0,0,0,0,0,4,0,37,30,23,17,377.05,320,90.1,41.2,200,651.3,-274.25,8.2
2023-09-20,3,Wednesday,0,9,Fall,24.3,1,0.4,0,0,0,3,0,40,33,20,12,263.25,240,80.8,37.19,200,557.99,-294.74,8.3
2023-09-21,4,Thursday,0,9,Fall,9.4,0,0,0,0,0,5,0,35,41,18,15,391.77,400,95.1,38.96,200,734.06,-342.3,7.3
2023-09-22,5,Friday,0,9,Fall,25.4,1,1.1,0,0,0,3,0,41,45,26,14,337.67,240,104.2,48.73,200,592.93,-255.26,8.2
2023-09-23,6,Saturday,1,9,Fall,8.3,0,0,0,0,0,3,1,39,40,20,4,139.24,240,72.4,50.9,200,563.3,-424.06,6.4
2023-09-24,7,Sunday,1,9,Fall,17.3,1,0.1,0,0,0,3,0,56,62,29,13,401.78,240,124.9,52,200,616.9,-215.12,6.9
2023-09-25,1,Monday,0,9,Fall,1.1,1,2.4,0,0,0,2,0,29,31,13,12,217.3,160,72.8,33.72,200,466.52,-249.22,5.9
2023-09-26,2,Tuesday,0,9,Fall,13.7,1,1.4,0,0,0,4,0,33,31,11,15,272.67,320,77.5,36.03,200,633.53,-360.86,7.1
2023-09-27,3,Wednesday,0,9,Fall,6.3,0,0,0,0,0,5,0,47,46,25,17,502,400,110.9,36.59,200,747.49,-245.49,7.2
2023-09-28,4,Thursday,0,9,Fall,9.8,0,0,0,0,0,2,0,36,37,15,15,246.51,160,87.9,40.92,200,488.82,-242.31,7
2023-09-29,5,Friday,0,9,Fall,18.9,0,0,0,0,0,3,0,41,48,24,15,372.68,240,108.3,56.36,200,604.66,-231.98,7.5
2023-09-30,6,Saturday,1,9,Fall,15.9,0,0,0,1,0,4,1,56,45,25,11,244.21,320,97.1,48.41,200,665.51,-421.3,5.8
2023-10-01,7,Sunday,1,10,Fall,10.2,1,9,0,0,1,2,0,52,50,28,9,349.9,160,101.3,45.66,200,506.96,-157.06,6
2023-10-02,1,Monday,0,10,Fall,10.1,0,0,0,0,0,4,0,37,41,19,16,387.2,320,98,51.21,200,669.21,-282.01,7.9
2023-10-03,2,Tuesday,0,10,Fall,-0.2,1,2.3,0,0,0,4,0,20,20,12,7,218.53,320,48.3,48.48,200,616.78,-398.24,6.5
2023-10-04,3,Wednesday,0,10,Fall,11.1,0,0,0,0,0,3,0,34,33,15,15,266.73,240,83.1,45.09,200,568.19,-301.47,6.8
2023-10-05,4,Thursday,0,10,Fall,25.6,1,2.4,0,1,0,2,0,40,42,12,19,308.81,160,99.9,42.56,200,502.46,-193.65,7.6
2023-10-06,5,Friday,0,10,Fall,-1.1,0,0,0,1,0,5,0,39,32,11,15,296.17,400,78.7,39.43,200,718.13,-421.96,8.2
2023-10-07,6,Saturday,1,10,Fall,-9.1,0,0,0,0,0,2,1,42,38,19,6,150.08,160,73.4,48.1,200,481.5,-331.42,4.6
2023-10-08,7,Sunday,1,10,Fall,0.8,1,0.2,0,0,0,4,1,52,49,24,15,343.75,320,109.5,47.5,200,677,-333.25,4.8
2023-10-09,1,Monday,0,10,Fall,21.8,0,0,0,0,0,4,0,32,32,14,11,257.76,320,72.7,40.17,200,632.87,-375.11,8.8
2023-10-10,2,Tuesday,0,10,Fall,7.3,1,2,0,0,0,4,0,23,23,12,6,165.82,320,49.8,51.02,200,620.82,-455,7.2
2023-10-11,3,Wednesday,0,10,Fall,-1,1,2.5,0,0,0,4,0,18,17,9,6,161.22,320,40.2,35.8,200,596,-434.77,7
2023-10-12,4,Thursday,0,10,Fall,17.1,0,0,0,0,0,4,0,37,42,14,7,291.56,320,76.3,46.15,200,642.45,-350.88,8.5
2023-10-13,5,Friday,0,10,Fall,13.8,1,1.7,0,0,0,4,0,29,26,12,10,252.08,320,61.8,37.22,200,619.02,-366.94,8.7
2023-10-14,6,Saturday,1,10,Fall,6.2,0,0,0,0,0,3,0,46,37,25,10,297.18,240,85.4,44.46,200,569.86,-272.69,7.6
2023-10-15,7,Sunday,1,10,Fall,27.2,1,8.1,0,1,0,3,0,35,40,14,5,229.33,240,69.7,55.25,200,564.95,-335.62,6.8
2023-10-16,1,Monday,0,10,Fall,18.3,1,1.1,0,0,0,5,0,48,53,29,19,513.23,400,126.7,44.52,200,771.22,-258,8.5
2023-10-17,2,Tuesday,0,10,Fall,15.1,1,2.6,0,0,0,3,0,35,31,16,9,219.1,240,68.9,47.98,200,556.88,-337.78,7.2
2023-10-18,3,Wednesday,0,10,Fall,10.1,1,6.8,0,0,0,5,0,19,18,6,5,168.33,400,36.9,49.95,200,686.85,-518.52,7.1
2023-10-19,4,Thursday,0,10,Fall,9,1,5.8,0,0,0,4,0,25,25,13,8,231.5,320,57.2,43.2,200,620.4,-388.9,6.8
2023-10-20,5,Friday,0,10,Fall,15,0,0,0,1,0,4,0,45,38,26,19,369.58,320,106.3,39.28,200,665.58,-296.01,8.3
2023-10-21,6,Saturday,1,10,Fall,11.5,0,0,0,0,0,4,0,43,43,16,10,324.96,320,85.4,57.43,200,662.83,-337.87,7.8
2023-10-22,7,Sunday,1,10,Fall,22.2,1,3.7,0,0,0,4,0,45,49,15,8,328.62,320,87.6,45.36,200,652.96,-324.35,7.9
2023-10-23,1,Monday,0,10,Fall,0.9,0,0,0,1,0,4,0,34,34,23,10,291.04,320,80.2,38.16,200,638.36,-347.32,6.5
2023-10-24,2,Tuesday,0,10,Fall,-9.8,1,2.1,0,0,0,5,0,13,13,6,4,138.97,400,28.8,41.89,200,670.69,-531.72,7.2
2023-10-25,3,Wednesday,0,10,Fall,16,0,0,0,0,0,4,0,35,41,16,16,382.7,320,95.6,42.71,200,658.31,-275.62,7.8
2023-10-26,4,Thursday,0,10,Fall,9,0,0,0,0,0,4,0,28,23,16,13,229.94,320,67.7,40.02,200,627.72,-397.79,7.5
2023-10-27,5,Friday,0,10,Fall,-5.4,0,0,0,0,0,3,0,16,13,7,7,125.83,240,35.9,41.54,200,517.44,-391.6,5.5
2023-10-28,6,Saturday,1,10,Fall,12.8,1,6,0,0,0,3,1,44,44,30,11,281.06,240,99.9,46.44,200,586.34,-305.28,4.8
2023-10-29,7,Sunday,1,10,Fall,0.6,1,1.2,0,0,0,3,0,37,32,19,5,209.93,240,64.1,35.84,200,539.94,-330.01,6.2
2023-10-30,1,Monday,0,10,Fall,-4.6,0,0,0,1,0,3,0,36,40,12,14,264.12,240,87,45.91,200,572.91,-308.78,7.2
2023-10-31,2,Tuesday,0,10,Fall,16.7,0,0,1,1,0,4,0,86,96,56,22,698.79,320,206.2,40.03,200,766.23,-67.44,6.7
2023-11-01,3,Wednesday,0,11,Fall,0.9,0,0,0,0,0,3,0,30,32,16,7,193.53,240,65.9,40.72,200,546.62,-353.08,6.9
2023-11-02,4,Thursday,0,11,Fall,1.9,0,0,0,0,1,5,0,38,36,25,9,308.93,400,82.1,43,200,725.1,-416.17,7.6
2023-11-03,5,Friday,0,11,Fall,11.6,1,1.3,0,0,0,3,0,35,28,15,10,231.13,240,66.6,37.99,200,544.59,-313.47,8
2023-11-04,6,Saturday,1,11,Fall,14.4,1,1.4,0,0,0,3,0,52,56,23,13,363.65,240,112.9,44.25,200,597.15,-233.5,6.8
2023-11-05,7,Sunday,1,11,Fall,7.8,0,0,0,1,0,4,0,65,53,35,9,390.08,320,110.5,41.38,200,671.88,-281.8,7.1
2023-11-06,1,Monday,0,11,Fall,8.4,0,0,0,1,0,3,0,42,36,28,10,252.32,240,86.6,46.6,200,573.2,-320.87,8
2023-11-07,2,Tuesday,0,11,Fall,13.1,0,0,0,0,0,5,0,34,31,23,14,375.72,400,85,49.75,200,734.75,-359.03,8.2
2023-11-08,3,Wednesday,0,11,Fall,-0.3,1,7.5,0,0,0,5,0,15,17,7,6,156.73,400,38.6,42.29,200,680.89,-524.16,7.4
2023-11-09,4,Thursday,0,11,Fall,21.2,0,0,0,0,1,4,0,62,59,35,20,530.87,320,140.8,41.29,200,702.09,-171.22,8.4
2023-11-10,5,Friday,0,11,Fall,2.9,1,2.4,0,0,0,4,0,26,30,13,10,265.01,320,67.4,43.27,200,630.67,-365.66,6.4
2023-11-11,6,Saturday,1,11,Fall,9.9,0,0,0,0,1,3,0,85,73,50,18,561.53,240,165.4,49.44,200,654.84,-93.31,7
2023-11-12,7,Sunday,1,11,Fall,12.5,0,0,0,0,0,4,0,47,48,21,9,362.22,320,93.3,42.94,200,656.24,-294.02,8.2
2023-11-13,1,Monday,0,11,Fall,16.3,0,0,0,0,0,4,0,41,36,12,12,303.16,320,78,50.58,200,648.58,-345.42,8
2023-11-14,2,Tuesday,0,11,Fall,6.1,1,3.8,0,1,0,3,0,42,38,21,15,326.37,240,93.9,39.25,200,573.15,-246.78,7.1
2023-11-15,3,Wednesday,0,11,Fall,23.7,1,3.9,0,1,0,4,0,47,48,23,16,344.07,320,109.6,46.21,200,675.81,-331.74,6.7
2023-11-16,4,Thursday,0,11,Fall,16.4,0,0,0,0,0,4,0,34,31,22,16,324.84,320,88.4,34.67,200,643.07,-318.24,7.9
2023-11-17,5,Friday,0,11,Fall,-4.6,1,0,0,0,0,3,0,29,28,13,6,187.14,240,56.6,41.42,200,538.02,-350.89,6.3
2023-11-18,6,Saturday,1,11,Fall,24.6,0,0,0,0,0,2,0,63,51,29,16,359.42,160,118,42.4,200,520.4,-160.98,6.2
2023-11-19,7,Sunday,1,11,Fall,11.5,0,0,0,0,0,3,0,48,53,32,14,395.49,240,118.6,46.4,200,605,-209.51,7.9
2023-11-20,1,Monday,0,11,Fall,3.5,0,0,0,0,0,4,0,29,23,14,13,270.3,320,66.1,49.63,200,635.73,-365.43,8.4
2023-11-21,2,Tuesday,0,11,Fall,5.8,1,2.5,0,0,0,2,1,26,21,14,12,106.21,160,61.6,39.9,200,461.5,-355.29,4.8
2023-11-22,3,Wednesday,0,11,Fall,23.7,0,0,0,1,0,4,0,43,37,28,18,367.08,320,104.6,39.05,200,663.65,-296.57,8.4
2023-11-23,4,Thursday,0,11,Fall,16.6,0,0,0,0,0,2,0,38,45,14,9,240.47,160,84.1,48.17,200,492.27,-251.8,7
2023-11-24,5,Friday,0,11,Fall,25.4,0,0,0,0,0,4,0,29,33,13,13,253.92,320,77.3,39.51,200,636.81,-382.89,8.5
2023-11-25,6,Saturday,1,11,Fall,11.1,0,0,0,0,0,5,0,57,47,25,8,395.1,400,93.2,51.76,200,744.96,-349.86,8.3
2023-11-26,7,Sunday,1,11,Fall,11.5,1,1.7,0,1,0,5,0,55,52,29,10,407.05,400,106.6,40.8,200,747.4,-340.35,8.2
2023-11-27,1,Monday,0,11,Fall,10.8,0,0,0,0,0,3,0,37,31,19,14,272.99,240,81.8,53.49,200,575.29,-302.29,7
2023-11-28,2,Tuesday,0,11,Fall,13.1,0,0,0,0,0,2,0,37,40,19,16,240.83,160,96.8,44.35,200,501.15,-260.32,7.7
2023-11-29,3,Wednesday,0,11,Fall,-6.9,1,3.6,0,0,0,3,0,20,23,7,8,159.49,240,50,41.75,200,531.75,-372.26,6.3
2023-11-30,4,Thursday,0,11,Fall,12.1,0,0,0,0,0,3,0,28,31,13,7,222.31,240,62.3,42.58,200,544.88,-322.57,6.9
2023-12-01,5,Friday,0,12,Winter,3.6,1,2,0,0,0,3,0,20,18,7,4,131.29,240,35.6,44.51,200,520.11,-388.83,6.4
2023-12-02,6,Saturday,1,12,Winter,-5.5,0,0,0,0,0,4,0,41,40,18,11,362.99,320,85.5,43.47,200,648.97,-285.98,7.2
2023-12-03,7,Sunday,1,12,Winter,10.4,1,2.1,0,0,0,5,0,47,42,21,14,406.75,400,96.6,45.55,200,742.15,-335.41,7.6
2023-12-04,1,Monday,0,12,Winter,9,0,0,0,0,0,3,1,47,48,31,9,186.69,240,101.3,45.23,200,586.53,-399.84,5.5
2023-12-05,2,Tuesday,0,12,Winter,19.9,1,16.2,0,0,0,4,0,11,12,4,3,80.76,320,23.9,40.74,200,584.64,-503.88,5.7
2023-12-06,3,Wednesday,0,12,Winter,4.3,1,2.6,0,0,0,3,0,27,21,15,9,222.31,240,56.1,47.46,200,543.56,-321.26,6.9
2023-12-07,4,Thursday,0,12,Winter,13.6,0,0,0,0,0,4,0,34,33,15,15,318.46,320,83.1,48.8,200,651.9,-333.43,7.6
2023-12-08,5,Friday,0,12,Winter,4.5,0,0,0,0,0,3,0,20,19,8,5,145.32,240,39.7,34.89,200,514.59,-369.27,7
2023-12-09,6,Saturday,1,12,Winter,0.2,1,1.6,0,0,0,5,0,45,46,15,10,347.79,400,88.2,45.73,200,733.93,-386.13,7.1
2023-12-10,7,Sunday,1,12,Winter,-1.6,1,0.1,0,0,0,3,0,59,51,25,13,384.6,240,108.5,39.72,200,588.22,-203.62,6.6
2023-12-11,1,Monday,0,12,Winter,-2.9,0,0,0,0,0,3,0,27,31,16,7,205.64,240,64.7,44.02,200,548.72,-343.08,6.4
2023-12-12,2,Tuesday,0,12,Winter,5.4,1,5.9,0,0,0,4,0,12,9,5,3,50,320,21.1,50.23,200,591.33,-541.33,7.4
2023-12-13,3,Wednesday,0,12,Winter,12.5,0,0,0,0,0,4,1,31,32,20,7,172.74,320,69.1,47.11,200,636.21,-463.47,6.5
2023-12-14,4,Thursday,0,12,Winter,3.4,0,0,0,0,0,4,0,32,28,15,9,209.61,320,64.5,45.09,200,629.59,-419.98,6.6
2023-12-15,5,Friday,0,12,Winter,-4.2,0,0,0,0,1,4,0,42,47,25,9,346.05,320,95.3,50.18,200,665.48,-319.43,7.1
2023-12-16,6,Saturday,1,12,Winter,19.9,0,0,0,0,0,4,0,53,53,18,12,410.24,320,103.2,42.5,200,665.7,-255.45,8.3
2023-12-17,7,Sunday,1,12,Winter,5.6,0,0,0,0,0,4,0,50,42,15,7,313.43,320,77.1,42.97,200,640.07,-326.64,7.1
2023-12-18,1,Monday,0,12,Winter,9.6,1,5.4,0,0,0,4,0,26,31,10,7,223.61,320,59.9,50.4,200,630.3,-406.69,7.7
2023-12-19,2,Tuesday,0,12,Winter,8.9,1,0.4,0,0,1,5,0,39,44,22,13,429.43,400,97.7,44.48,200,742.18,-312.75,7.5
2023-12-20,3,Wednesday,0,12,Winter,11.2,1,1.1,0,0,0,5,0,33,35,18,13,348.02,400,83.7,40.5,200,724.2,-376.18,7.4
2023-12-21,4,Thursday,0,12,Winter,7.8,0,0,0,0,0,4,0,33,35,20,9,275.81,320,76.9,50.87,200,647.77,-371.95,7.4
2023-12-22,5,Friday,0,12,Winter,2.3,0,0,0,0,0,5,0,36,40,17,10,354.58,400,82.6,40.61,200,723.21,-368.63,7.6
2023-12-23,6,Saturday,1,12,Winter,8.8,0,0,0,0,0,2,0,57,46,30,15,367.13,160,110.7,39.21,200,509.91,-142.78,6.1
2023-12-24,7,Sunday,1,12,Winter,-7.4,0,0,0,0,0,4,0,45,42,15,5,289.99,320,72.9,49.25,200,642.15,-352.16,6.9
2023-12-25,1,Monday,0,12,Winter,5.9,0,0,1,0,0,4,0,59,66,19,25,561.5,320,146.9,42.69,200,709.59,-148.1,7.6
2023-12-26,2,Tuesday,0,12,Winter,-6.2,1,0.1,0,0,0,4,0,22,25,8,5,198.58,320,46.9,45.02,200,611.92,-413.34,7.6
2023-12-27,3,Wednesday,0,12,Winter,-4.9,0,0,0,0,0,4,0,27,32,11,7,247.86,320,61.9,49.34,200,631.24,-383.38,5.9
2023-12-28,4,Thursday,0,12,Winter,7.5,0,0,0,1,0,4,0,45,48,18,11,320.52,320,95.1,42.13,200,657.23,-336.71,7.3
2023-12-29,5,Friday,0,12,Winter,15.9,0,0,0,0,0,3,0,44,46,22,17,362.91,240,108.5,50.17,200,598.67,-235.76,8.3
2023-12-30,6,Saturday,1,12,Winter,12.8,0,0,0,0,1,3,0,69,58,42,19,488.92,240,143.1,52.62,200,635.72,-146.8,6.4
2023-12-31,7,Sunday,1,12,Winter,-8.8,0,0,0,0,1,5,0,76,68,24,11,478.11,400,123.9,46.16,200,770.06,-291.95,6.8
